question;niveau;recommandation1;recommandation2;cap
1;1;Installer les bases de fonctionnement du CLPE ~~n~~Définir qui fait quoi dans la co-présidence et l’organisation du CLPE, de la préparation des instances au suivi des décisions.~~n~~Mettre en place des règles de fonctionnement partagées : calendrier, préparation des réunions, ordres du jour et suivi des actions.;Faire des réunions du CLPE des espaces de décision ~~n~~Structurer les réunions autour de priorités partagées et de décisions opérationnelles : préparer les arbitrages attendus, formaliser les décisions prises, identifier les responsables de mise en œuvre et organiser un suivi régulier des engagements.;Passer d’un CLPE qui se réunit à un CLPE qui s'organise pour agir collectivement : une co-présidence active, une gouvernance claire, une animation opérationnelle et des décisions suivies dans le temps permettent aux acteurs de travailler ensemble dans une même direction.
1;2;Consolider le rôle stratégique de la co-présidence~~n~~Renforcer l'implication des co-présidents dans le pilotage du CLPE : définir ensemble les priorités, préparer les décisions à prendre, clarifier les arbitrages attendus et assurer un suivi régulier des engagements pris avec l'ensemble des membres du CLPE.;Installer un pilotage collectif par le suivi des actions~~n~~Renforcer le suivi collectif porté par la co-présidence : structurer les réunions autour de l’avancement de la feuille de route, des résultats obtenus collectivement et des difficultés rencontrées. Les co-présidents veillent au suivi des décisions prises, facilitent les arbitrages nécessaires et s’assurent de la mise en œuvre des actions.;Passer d’un CLPE qui coordonne les acteurs à un CLPE qui impulse et pilote une dynamique territoriale collective : la co-présidence donne le cap, facilite les arbitrages et veille à la traduction des orientations en résultats partagés concrets.
1;3;Faire de la co-présidence un levier d’impulsion~~n~~Donner à la co-présidence un rôle plus affirmé dans la définition des priorités, l’arbitrage des situations complexes et la mobilisation des acteurs autour des enjeux stratégiques du territoire.;Renforcer le rôle de la co-présidence dans le suivi des décisions~~n~~Organiser régulièrement un point d’avancement sur les actions du CLPE : suivre les décisions prises, vérifier la réalisation des engagements, identifier les difficultés rencontrées et porter les ajustements nécessaires avec les membres du CLPE.;Passer d’un CLPE qui fonctionne efficacement à un CLPE qui exerce pleinement sa fonction de pilotage : une instance capable de définir des priorités, d’arbitrer collectivement et de transformer les décisions en impacts mesurables.
2;1;Clarifier le périmètre d’intervention de l’appui opérationnel~~n~~Définir avec les coprésidents et les membres du CLPE le périmètre d’intervention de l’appui opérationnel de France Travail : appui méthodologique aux travaux, préparation des instances, mobilisation des données et ressources utiles, soutien à la coordination des acteurs, contribution à la mise en œuvre de la feuille de route partagée...;Mobiliser l’appui opérationnel sur les travaux prioritaires du territoire~~n~~Mobiliser l’appui opérationnel de France Travail sur les besoins concrets du CLPE : préparation des temps collectifs, apport d’éléments de diagnostic territorial, mise à disposition d’outils et de méthodes, appui à la coordination des acteurs et facilitation des travaux engagés.;Passer d’un appui peu identifié ou limité à une fonction d’appui opérationnel structurée, connue et reconnue des acteurs et mobilisée pour faciliter les décisions et leur mise en œuvre.
2;2;Structurer kes modalités de mobilisation de l'appui opérationnel ~~n~~Définir avec les co-présidents les conditions de mobilisation de l’appui opérationnel : sujets pouvant nécessiter un appui, étapes des travaux concernées, méthodes et outils mobilisables, modalités d’accompagnement des acteurs et de la coopération au sein du CLPE.;Installer une démarche d’appui régulière au service du collectif~~n~~Organiser des échanges réguliers avec les acteurs du CLPE pour identifier les besoins d’appui, proposer des ressources adaptées, faciliter la coopération opérationnelle et accompagner la mise en œuvre des actions prioritaires.;Passer d’un appui ponctuel à une fonction d’appui opérationnel clairement définie et intégrée au fonctionnement du CLPE, contribuant directement au suivi des priorités et à la mise en œuvre d'actions en coopération.
2;3;Renforcer l’appui opérationnel au pilotage collectif~~n~~Consolider l’intervention de l’appui opérationnel auprès des coprésidents et des acteurs du territoire : préparation des sujets stratégiques, apport d’analyses utiles aux échanges, proposition de méthodes de travail et facilitation de la coordination entre acteurs.;Développer une approche proactive au service de l’impact des actions~~n~~Aller au-devant des besoins du CLPE en identifiant les points de blocage, en proposant des méthodes, outils ou appuis adaptés et en ajustant régulièrement l’intervention de France Travail pour faciliter la coordination des acteurs, soutenir les actions engagées et renforcer leur impact territorial.;Passer d’une fonction d’appui centrée sur le fonctionnement du CLPE à une fonction d’appui opérationnel au service de tous les acteurs, qui facilite le pilotage collectif, accompagne la réalisation des actions et contribue à mesurer et renforcer leur impact.
3;1;Construire un premier diagnostic territorial partagé du CLPE~~n~~Élaborer un premier diagnostic territorial à partir des données disponibles afin de disposer d’un état des lieux partagé des caractéristiques, des besoins et des enjeux du territoire.;Partager les constats en CLPE et définir les premières priorités collectives~~n~~Organiser un temps de travail avec les membres du CLPE pour croiser les données avec les réalités de terrain, identifier collectivement les principaux enjeux du territoire et les traduire en premières priorités d’action.;Faire du diagnostic territorial le socle partagé du pilotage du CLPE : disposer d’une lecture commune du territoire pour prioriser les enjeux, orienter les actions et ajuster les réponses aux besoins identifiés.
3;2;Élargir le partage du diagnostic territorial~~n~~Présenter le diagnostic du territoire à l’ensemble des membres du CLPE, recueillir les contributions des acteurs du territoire et compléter les constats avec les données et observations de terrain afin de construire une lecture commune des enjeux.;Inscrire le diagnostic territorial dans le pilotage régulier du CLPE~~n~~Prévoir des temps réguliers d’actualisation du diagnostic et s’appuyer sur ses évolutions pour confirmer, ajuster ou réorienter les priorités et les actions de la feuille de route du CLPE.;Faire du diagnostic territorial un outil partagé de pilotage du CLPE : une référence commune pour décider des priorités, suivre les évolutions du territoire et adapter les actions engagées.
3;3;Faire vivre le diagnostic du territoire dans la durée~~n~~Organiser une actualisation régulière du diagnostic en définissant les indicateurs clés à suivre, le rythme de mise à jour et la contribution attendue des différents acteurs afin de maintenir une vision partagée des évolutions du territoire.;Utiliser le diagnostic pour guider les décisions du CLPE~~n~~Relier systématiquement les évolutions du diagnostic territorial aux décisions prises par le CLPE : lors de chaque revue de feuille de route, identifier les changements significatifs du territoire et décider collectivement des priorités ou actions à maintenir, renforcer, adapter ou arrêter.;Faire du diagnostic territorial un outil dynamique de pilotage du CLPE : anticiper les évolutions du territoire, éclairer les décisions collectives et renforcer l’impact des actions engagées collectivement.
4;1;Co-construire une première feuille de route ~~n~~Élaborer avec les membres du CLPE une première feuille de route à partir des enjeux prioritaires, en précisant les objectifs, les actions à engager, les acteurs concernés, les échéances et les résultats attendus.;Donner de la visibilité à la feuille de route~~n~~Saisir la feuille de route du CLPE dans le TDB RPE afin de partager les enjeux et engagements du territoire, de faciliter leur suivi collectif et de disposer d'un support commun de pilotage.;Passer d’actions menées sans feuille de route partagée à une feuille de route qui donne un cap commun, formalise les priorités du CLPE et organise l’action collective.
4;2;Structurer la feuille de route du CLPE~~n~~Transformer les priorités du diagnostic du territoire en feuille de route partagée et structurée en précisant objectifs, actions, responsables, échéances et résultats attendus.;Installer un suivi régulier de la feuille de route~~n~~Intégrer la feuille de route au TDB RPE et organiser des revues régulières en CLPE pour suivre l'avancement des actions, identifier les éventuels points de blocage et décider collectivement des ajustements nécessaires.;Passer d’une feuille de route qui recense des priorités à un véritable outil de pilotage partagé, permettant de suivre les engagements, d’ajuster les actions et de mobiliser les acteurs autour d’objectifs communs.
4;3;Renforcer la qualité stratégique de la feuille de route~~n~~Revoir les priorités avec l’ensemble des membres à partir du diagnostic territorial et préciser pour chacune, des objectifs mesurables, les résultats attendus et les actions réellement prioritaires.;Faire vivre la feuille de route dans le pilotage du CLPE~~n~~Installer une revue annuelle et des points d’étape réguliers en CLPE plénier. S'appuyer sur le TDB RPE pour examiner l'avancement et l’impact des actions et actualiser la feuille de route en fonction des évolutions du territoire.;Faire de la feuille de route un véritable outil de pilotage stratégique et opérationnel du CLPE, relié au diagnostic territorial, aux actions engagées et à leurs résultats pour orienter les décisions du CLPE.
5;1;Mettre à niveau les fiches actions prioritaires~~n~~Compléter les fiches actions prioritaires en précisant pour chacune l'objectif, le porteur, les acteurs associés, les échéances et les résultats mesurables attendus.;Organiser le suivi des actions~~n~~Saisir les fiches actions du CLPE dans le TDB RPE et désigner un porteur pour chacune d'elles et préciser qui met à jour l'avancement et à quel rythme.;Passer d’actions peu formalisées à des actions structurées, suivies par des porteurs identifiés et pilotées collectivement par le CLPE.
5;2;Harmoniser les fiches actions~~n~~Compléter les fiches actions selon un même niveau d'exigence en précisant les objectifs, les résultats attendus, les échéances, les responsabilités et les principaux indicateurs de suivi et de résultat.;Installer un suivi régulier avec les porteurs d'actions~~n~~Prévoir des points réguliers avec les porteurs d'actions pour faire le point sur l'avancement, les difficultés rencontrées, les résultats obtenus et mettre à jour les fiches actions dans le TDB RPE.;Passer d'un suivi ponctuel des actions à un suivi partagé, régulier et utile aux décisions et priorités du CLPE.
5;3;Renforcer le pilotage des actions par les résultats~~n~~Pour chaque action prioritaire, préciser les résultats attendus (par ex. le nombre de personnes accompagnées, le taux d'accès à l'emploi ou le nombre d'entreprises mobilisées), les indicateurs de résultat ou d'impact associés et, lorsque c'est pertinent, une cible à atteindre.;Faire vivre le bilan des actions~~n~~Organiser régulièrement un retour d'expérience avec les porteurs d'actions : présenter les résultats obtenus, les difficultés rencontrées, les suites à donner à l'action et renseigner le bilan et l'impact dans le TDB RPE.;Passer d'un suivi de la mise en œuvre des actions à un pilotage qui s'appuie sur les résultats et l'impact pour décider collectivement de poursuivre, adapter ou arrêter les actions.
6;1;Construire un socle commun d’indicateurs pour le CLPE~~n~~Identifier les quelques données utiles pour partager une même lecture des enjeux, ex. évolution des publics en recherche d’emploi, besoins et difficultés de recrutement des entreprises, secteurs et métiers prioritaires, accès aux solutions d’accompagnement, à la formation et à l’emploi.;Intégrer les données dans des temps de pilotage du CLPE~~n~~Présenter régulièrement ces indicateurs en CLPE afin de partager collectivement les constats, objectiver les échanges, éclairer les décisions prises en coopération.;Passer d’une utilisation des données à titre informatif à un usage des données comme support aux décisions collectives et à la priorisation des actions du CLPE.
6;2;Donner des repères de suivi aux priorités du CLPE~~n~~Pour chaque priorité et action du CLPE, préciser les résultats attendus et quelques indicateurs permettant de suivre les évolutions, en identifiant la situation de départ et, lorsque cela est pertinent, une cible à atteindre.;Utiliser les résultats pour ajuster les actions~~n~~Prévoir des temps d’analyse des évolutions observées afin de partager les constats, identifier les écarts et décider collectivement de poursuivre, renforcer, adapter ou réorienter les actions engagées.;Passer d’un suivi ponctuel des données à une utilisation régulière des indicateurs et des résultats pour guider les priorités et ajuster les actions du CLPE.
6;3;Mieux mesurer les résultats et les effets des actions~~n~~Pour chaque priorité du CLPE, préciser les résultats recherchés, les indicateurs permettant de suivre les évolutions, la situation de départ et les objectifs à atteindre afin d’apprécier les progrès réalisés et les effets produits sur le territoire.;Utiliser les résultats pour ajuster les actions et renforcer leur impact~~n~~Organiser régulièrement un examen des résultats obtenus et des écarts constatés afin de décider collectivement des ajustements à apporter aux actions : poursuivre, renforcer, adapter ou arrêter certaines actions du CLPE en fonction de leur efficacité et de leur impact sur le territoire.;Passer d’un usage des données pour alimenter les échanges à un pilotage par les résultats, permettant au CLPE de mesurer l’impact des actions sur le territoire, d’ajuster ses priorités et d’orienter ses décisions en conséquence.
7;1;Définir le changement recherché avant d’engager une action~~n~~Pour chaque actiondu CLPE, préciser le changement attendu pour les chercheurs d'emploi, les entreprises ou le territoire : quel besoin l’action cherche à résoudre, quels effets sont attendus et pour quels publics.;Compléter le suivi de l’activité par le suivi des résultats~~n~~Ajouter aux indicateurs d’activité (nombre d’actions réalisées, participants mobilisés, accompagnements proposés…) quelques indicateurs permettant d’apprécier les premiers résultats obtenus pour les usagers ou le territoire.;Passer de « qu’avons-nous réalisé ? » à « quels résultats avons-nous obtenus et quels changements l’action a-t-elle permis ? ».
7;2;Intégrer l’impact attendu dans la conception des actions du CLPE~~n~~Lors de la définition d’une action, préciser le besoin auquel elle répond, les publics concernés, le changement recherché et les indicateurs permettant d’apprécier les résultats obtenus.;Organiser des temps de retour sur les actions engagées~~n~~Prévoir des points réguliers pour analyser les résultats obtenus, partager les constats des acteurs et des usagers, identifier ce qui fonctionne ou les difficultés rencontrées, puis décider collectivement des ajustements nécessaires.;Passer d’actions conçues principalement à partir des moyens mobilisés à des actions pensées à partir des changements attendus pour les publics, entreprises et le territoire.
7;3;Formaliser l’impact attendu des actions prioritaires~~n~~Pour chaque action du CLPE, préciser le changement recherché à moyen terme pour les usagers ou le territoire, ainsi que les indicateurs permettant d’apprécier les effets obtenus.;Faire de l’analyse de l'impact un outil de décision du CLPE~~n~~Organiser des revues d’impact pour comparer les résultats obtenus aux effets attendus et décider collectivement de poursuivre, renforcer, transformer ou arrêter une action selon sa contribution réelle aux enjeux du territoire.;Passer d’une logique de suivi des actions à une logique de pilotage par les effets produits, permettant au CLPE de concentrer ses moyens sur les actions qui apportent une réelle valeur et de l'impact pour le territoire.
8;1;Construire un collectif opérationnel autour des besoins des entreprises~~n~~Identifier les acteurs à associer, les besoins des entreprises auxquels la task force doit répondre et les modalités de coordination entre acteurs du territoire.;Choisir une première cible d’intervention commune~~n~~Définir collectivement un premier enjeu prioritaire pour aller vers les entreprises : secteur en tension, métiers en difficulté de recrutement, entreprises rencontrant des besoins spécifiques, et se réunir pour coordonner les premières actions.;Passer d’interventions dispersées auprès des entreprises à une démarche territoriale collective, ciblée et organisée pour mieux répondre aux besoins des employeurs du territoire.
8;2;Clarifier l’organisation collective de la relation entreprise~~n~~Définir ensemble les objectifs communs, les priorités d’intervention, la contribution de chacun et les modalités de partage d’information.;Coordonner les actions menées auprès des entreprises~~n~~Organiser le partage des entreprises ciblées, des besoins identifiés et des actions engagées afin de mieux répartir les interventions, éviter les sollicitations multiples et apporter une réponse plus lisible aux employeurs.;Passer d’une coopération ponctuelle entre acteurs à une organisation territoriale coordonnée de la relation entreprise, avec des priorités et des actions partagées.
8;3;Installer un fonctionnement régulier de la task force entreprise~~n~~Structurer les temps de travail de la task force entreprise : partager les besoins identifiés, cibler les entreprises prioritaires, coordonner les actions d’aller-vers et suivre les réponses apportées collectivement.;Piloter la task force entreprise par les résultats~~n~~Définir quelques indicateurs communs pour mesurer l’efficacité et l'impact de la task force : entreprises accompagnées, besoins de recrutement traités, actions réalisées, recrutements facilités, recours aux services proposés et satisfaction des entreprises. Utiliser ces résultats pour ajuster les actions de la task force.;Passer d’une task force qui coordonne les interventions des acteurs à une task force pleinement opérationnelle, capable de cibler les besoins des entreprises, de coordonner les réponses et de mesurer sa contribution à l’emploi sur le territoire.
9;1;Partager une vision des besoins et des moyens existants~~n~~Identifier les principaux services, dispositifs et financements mobilisables sur le territoire, et les mettre en regard des besoins prioritaires identifiés par le CLPE.;Coordonner une première réponse collective~~n~~Choisir un besoin prioritaire du territoire et organiser collectivement la complémentarité des moyens existants pour construire une réponse commune entre les financeurs et les acteurs concernés.;Passer d’une connaissance dispersée des dispositifs et financements à une coordination des moyens disponibles pour mieux répondre aux besoins du territoire.
9;2;Structurer le partage des offres et des moyens~~n~~Installer un fonctionnement régulier de la conférence des financeurs pour partager les services proposés, les financements disponibles, les priorités du territoire et les besoins restant à couvrir.;Mieux articuler les réponses financées~~n~~Identifier les complémentarités entre les dispositifs existants, les possibilités de cofinancement et les besoins non couverts afin d’améliorer la cohérence des réponses apportées aux usagers.;Passer d’une coordination ponctuelle des financeurs à une organisation partagée des services et des moyens mobilisables au service des priorités du CLPE.
9;3;Programmer les moyens en fonction des priorités du territoire~~n~~Mettre en regard les priorités de la feuille de route du CLPE, les besoins identifiés et les moyens disponibles pour définir les services et financements à mobiliser en complémentarité.;Mesurer l’adéquation des moyens mobilisés aux besoins~~n~~Suivre les actions financées, les publics ou besoins couverts, les complémentarités entre dispositifs et les éventuels manques afin d’ajuster les moyens engagés et faire évoluer l’offre de services du territoire.;Faire de la conférence des financeurs un levier opérationnel de coordination des services, des financements et des moyens mobilisables, connecté aux priorités du CLPE et aux besoins du territoire.
10;1;Identifier les principaux points de complexité du territoire~~n~~Repérer collectivement les situations où la multiplicité des acteurs ou des dispositifs crée des difficultés : instances redondantes, manque de lisibilité des offres, difficultés d’orientation ou de coordination.;Co-construire une première réponse de simplification~~n~~Choisir un sujet prioritaire et définir les premiers ajustements possibles entre acteurs du territoire : articulation des rôles, partage d’informations, modalités d’orientation ou regroupement des échanges.;Faire du CLPE un espace contribuant à simplifier progressivement l’organisation territoriale, en améliorant la lisibilité des acteurs, des offres et des modalités de coopération.
10;2;Clarifier les articulations entre instances et acteurs~~n~~Identifier les complémentarités entre les différentes instances, dispositifs et acteurs du territoire afin de mieux répartir rôles et périmètre et limiter les échanges redondants.;Simplifier les modalités de coopération~~n~~Définir des pratiques communes pour faciliter le travail entre acteurs : sujets traités dans chaque instance, modalités de partage d’information et relais entre dispositifs.;Passer d’une coordination entre acteurs à une organisation territoriale plus lisible, où chacun connaît mieux son rôle, la complémentarité et le cadre des interventions.
10;3;Poursuivre la convergence des travaux entre acteurs et instances du territoires~~n~~Identifier les sujets pouvant être traités collectivement au sein du CLPE afin de limiter la multiplication des échanges et favoriser une approche commune des priorités du territoire.;Faire évoluer progressivement l’organisation collective~~n~~Capitaliser les simplifications mises en place, identifier les articulations encore complexes et proposer des évolutions permettant de rendre les interventions plus lisibles pour les acteurs du territoire et les usagers.;Faire du CLPE un point d’appui pour une organisation territoriale plus intégrée, où les acteurs coordonnent leurs interventions dans un cadre simplifié autour de priorités communes et une offre de services plus lisible.
11;1;Associer les acteurs utiles aux priorités du territoire~~n~~Identifier les partenaires qui ne participent pas encore aux travaux du CLPE et les inviter à contribuer sur les sujets où leur expertise ou leur intervention est attendue.;Donner à chaque acteur une place dans les travaux du CLPE~~n~~Préciser, pour les principaux sujets abordés, le rôle attendu de chaque acteur (partage d'informations, expertise, contribution au diagnostic, participation à un groupe de travail…) afin de favoriser une participation régulière.;Passer d'un CLPE où les acteurs participent de manière ponctuelle à un CLPE où les principaux acteurs du territoire sont représentés et contribuent régulièrement aux travaux communs.
11;2;Impliquer les membres du CLPE dans la mise en œuvre des actions~~n~~Confier le pilotage ou le copilotage des actions de la feuille de route à différents acteurs, en fonction de leurs compétences et de leurs missions, et définir la contribution attendue des autres partenaires à leur mise en œuvre.;Suivre les contributions aux actions~~n~~Prévoir à chaque réunion un point d'avancement sur les actions engagées afin que chaque pilote (en lien étroit avec les contributeurs) puisse présenter les avancées, les difficultés rencontrées et les besoins d'appui éventuels.;Passer d'un CLPE où les acteurs contribuent aux actions locales à un CLPE où les membres portent collectivement leur mise en œuvre et l'atteinte des objectifs fixés.
11;3;Préciser la contribution de chaque acteur à l'atteinte des résultats~~n~~Définir, pour chaque action de la feuille de route, les contributions attendues de chaque membre (expertise, moyens, mobilisation des publics, relais, mise en œuvre…) et en assurer le suivi.;Renforcer les complémentarités entre les membres du CLPE~~n~~Identifier les synergies possibles entre les missions de chacun, favoriser la mutualisation des ressources et construire des réponses communes pour renforcer l'impact des actions sur le territoire.;Passer d'un CLPE où les acteurs contribuent aux actions locales à un CLPE où les membres partagent la responsabilité des résultats et mobilisent leurs compétences de manière complémentaire pour adapter collectivement les actions et services aux enjeux du territoire.
12;1;Faire du TDB RPE le support de référence du suivi de la feuille de route et des actions~~n~~Intégrer et/ ou mettre à jour dans le TDB RPE les fiches actions, leurs responsables, les échéances, les résultats et objectifs afin de disposer d'une vision partagée et actualisée de l'activité du CLPE.;Utiliser le TDB RPE lors des réunions du CLPE~~n~~S'appuyer sur le tableau de bord pour présenter l'avancement des actions prioritaires, identifier les difficultés rencontrées, analyser les données et résultats du territoire afin d'ancrer progressivement son usage dans le fonctionnement du comité.;Passer d'un TDB RPE utilisé principalement comme outil de saisie à un TDB RPE utilisé régulièrement pour suivre les actions de la feuille de route et animer les travaux du CLPE.
12;2;Installer une revue régulière de la feuille de route à partir du TDB RPE~~n~~À chaque réunion du CLPE, examiner les actions de la feuille de route partagée, leur niveau d'avancement, les résultats obtenus et les éventuels écarts par rapport aux objectifs afin de décider collectivement des ajustements nécessaires.;Développer les usages du TDB RPE pour éclairer les décisions du CLPE~~n~~Mobiliser les données disponibles pour objectiver les priorités du territoire et identifier des actions ou pratiques d'autres CLPE pouvant être adaptées localement.;Passer d'un TDB RPE utilisé pour suivre les actions à un TDB RPE mobilisé comme un véritable outil de pilotage permettant d'orienter les décisions du CLPE et d'enrichir les actions engagées.
12;3;Exploiter pleinement les données du TDB RPE pour le pilotage stratégique~~n~~Utiliser les indicateurs et les résultats pour cibler les publics prioritaires, mesurer les effets et l'impact des actions et orienter les décisions d'ajustement de la feuille de route.;Faire du TDB RPE un outil de capitalisation et d'inspiration entre territoires ~~n~~Identifier régulièrement les fiches actions à fort impact mises en œuvre dans d'autres CLPE, les partager au sein du comité et évaluer leur adaptation au contexte local afin de s'en inspirer et de renforcer l'impact des actions menées sur le territoire.;Passer d'un TDB RPE utilisé pour piloter la feuille de route locale à un TDB RPE pleinement intégré au pilotage du CLPE, utilisé comme un outil d'analyse et de prise de décision pour orienter les priorités, objectiver les résultats, identifier des actions à fort impact conduites dans d'autres territoires et renforcer l'impact des actions sur le territoire.
13;1;Identifier et faire connaître les outils du RPE utiles aux priorités du CLPE~~n~~Présenter aux membres un nombre limité d'outils et surtout leurs usages concrets : TDB RPE pour piloter les actions communes et analyser les données du territoire, DORA pour identifier et rendre visibles les offres de services, Académie France Travail pour développer une culture et des compétences communes, outils de la task force entreprise pour coordonner la relation aux employeurs du territoire.;Installer les premiers usages communs des outils du RPE~~n~~Choisir un ou deux usages simples et directement opérationnels (revue de la feuille de route à partir du TDB RPE, recherche d'une offre dans DORA, partage de ressources ou utilisation d'un espace collaboratif) afin de faciliter les échanges entre les membres et d'ancrer progressivement les outils dans le fonctionnement opérationnel du CLPE.;Passer d'une utilisation ponctuelle ou méconnue des outils du RPE à des premiers usages communs permettant de faciliter les échanges, le partage d'informations et le suivi des actions du CLPE.
13;2;Définir un cadre commun d'utilisation des outils du RPE~~n~~Associer à chaque besoin du CLPE un outil de référence (pilotage des actions, connaissance des offres de services, coopération entre acteurs, relation aux entreprises, développement de compétences communes) afin de favoriser des usages cohérents et partagés par l'ensemble des membres.;Ancrer les outils du RPE dans les pratiques régulières du CLPE ~~n~~Intégrer leur utilisation aux principaux processus de travail (préparation et suivi des réunions, actualisation des actions, partage de données, coordination entre acteurs) et identifier, si nécessaire, un référent pour accompagner leur appropriation et leur utilisation.;Passer d'une utilisation ponctuelle de plusieurs outils à des usages réguliers et partagés, intégrés aux principaux processus de travail du CLPE afin de renforcer la coordination entre les partenaires et le pilotage des actions.
13;3;Faire des outils communs du RPE des leviers de pilotage et de coopération~~n~~Utiliser les différents outils de manière complémentaire pour faciliter le suivi des actions, le partage de données, la coordination entre acteurs et la prise de décision au sein du CLPE.;Évaluer et renforcer l'impact des outils du RPE sur le fonctionnement opérationnel du CLPE~~n~~Identifier régulièrement les difficultés d'usage, les besoins d'accompagnement ou les bonnes pratiques afin d'améliorer leur utilisation et de renforcer leur impact sur la coopération entre acteurs, le pilotage des actions et les résultats obtenus sur le territoire.;Passer d'outils utilisés régulièrement pour coordonner les travaux du CLPE à un socle d'outils pleinement intégré au fonctionnement du réseau, facilitant durablement la coopération entre les acteurs, le pilotage des actions et leur impact sur le territoire.
14;1;Construire une première vision partagée des offres de services du territoire~~n~~Recenser en priorité les offres répondant aux enjeux de la feuille de route (accompagnement publics types, difficultés recrutement, métiers en tension, formation, mobilité, levée des freins périphériques…) en s'appuyant sur les outils existants, notamment DORA, plutôt que de créer un nouvel outil de recensement.;Prioriser la cartographie sur un besoin concret du territoire~~n~~Commencer par un public ou une problématique prioritaire du CLPE afin d'identifier qui propose quoi, pour quel public et sur quel périmètre, puis utiliser cette première cartographie pour améliorer les orientations entre acteurs du territoire.;Passer d'une connaissance partielle des offres de services à une cartographie partagée permettant aux acteurs de mieux orienter les usagers et de disposer d'une vision commune des ressources du territoire.
14;2;Compléter et fiabiliser la cartographie avec l'ensemble des acteurs concernés~~n~~Identifier les offres manquantes, vérifier leur actualisation, préciser les publics cibles, les conditions d'accès et les périmètres d'intervention, puis définir des modalités de mise à jour régulières.;Faire de la cartographie un outil d'analyse des besoins du territoire~~n~~Mettre régulièrement les offres en regard du diagnostic territorial afin d'identifier les manques, les doublons et les complémentarités, puis traduire ces constats en priorités d'action dans la feuille de route du CLPE.;Passer d'une cartographie utilisée principalement comme outil de recensement à une cartographie mobilisée pour analyser les besoins du territoire, orienter les décisions du CLPE et améliorer la coordination des offres de services.
14;3;Organiser une actualisation collective et continue de la cartographie~~n~~Répartir entre acteurs la responsabilité de la mise à jour des offres, des conditions d'accès et des publics concernés en s'appuyant autant que possible sur DORA et les outils existants afin de garantir une information fiable et partagée.;Exploiter la cartographie comme un levier d'amélioration de l'impact des offres sur le territoire~~n~~Analyser régulièrement les manques, les doublons et les complémentarités, s'appuyer sur ces constats pour adapter la feuille de route et engager les évolutions nécessaires afin de renforcer l'impact des services proposés sur le territoire.;Passer d'une cartographie utilisée pour suivre l'offre de services à une cartographie pleinement intégrée au pilotage du CLPE, permettant d'adapter les offres aux besoins du territoire, de renforcer leur complémentarité, d'accroître leur impact et d'améliorer leur lisibilité pour les usagers.
15;1;Identifier les principaux besoins insuffisamment couverts sur le territoire~~n~~S'appuyer sur le diagnostic territorial, les données disponibles ainsi que les retours des professionnels et des usagers pour sélectionner de manière collective quelques enjeux prioritaires (accès à la formation, mobilité, garde d'enfants, accompagnement de certains publics, recrutement sur les métiers en tension…).;Comparer les besoins prioritaires avec les offres existantes~~n~~Pour une première priorité du CLPE, identifier les réponses disponibles, repérer les écarts entre les besoins et les services proposés, puis inscrire dans la feuille de route du CLPE les premières actions permettant d'améliorer la réponse apportée aux usagers.;Passer d'une connaissance générale des besoins et des offres à une analyse partagée des écarts permettant de mieux orienter les usagers et de définir en réponse, les premières priorités d'action du CLPE.
15;2;Structurer l'analyse des écarts entre les besoins et les offres de services du territoire~~n~~Croiser régulièrement les besoins identifiés avec les offres disponibles et partager cette analyse en CLPE afin d'objectiver les principaux écarts et de disposer d'une vision commune des enjeux du territoire.;Transformer les écarts identifiés en décisions opérationnelles~~n~~Pour chaque besoin prioritaire insuffisamment couvert, définir collectivement les réponses à mettre en œuvre (adaptation d'une offre existante, meilleure coordination, mutualisation de moyens ou création d'une réponse complémentaire) et les intégrer à la feuille de route du CLPE.;Passer d'une analyse ponctuelle des besoins et des offres à une analyse structurée des écarts permettant d'orienter les décisions, de coordonner les réponses entre acteurs et d'améliorer l'adéquation des services aux besoins du territoire.
15;3;Faire de l'analyse des besoins et des offres un levier permanent de pilotage~~n~~Suivre régulièrement les évolutions des besoins des usagers et la capacité des offres existantes à y répondre afin d'ajuster les priorités et les actions du CLPE en fonction des réalités du territoire.;Mobiliser l'analyse des écarts pour renforcer l'impact des actions sur le territoire~~n~~Pour chaque besoin insuffisamment couvert, décider collectivement des adaptations à engager (évolution des offres, meilleure coordination, mutualisation des moyens ou mobilisation de nouvelles ressources) et évaluer régulièrement leur impact sur les usagers et le territoire.;Passer d'une analyse des écarts utilisée pour orienter les actions à une analyse pleinement intégrée au pilotage stratégique du CLPE, permettant d'adapter en continu les offres aux besoins des usagers, d'optimiser les moyens mobilisés et de renforcer l'impact des actions sur le territoire.
16;1;Repérer les principaux parcours où les orientations sont difficiles~~n~~Choisir deux ou trois situations prioritaires (par exemple : bénéficiaires du RSA, jeunes, entreprises recrutant sur des métiers en tension…) et analyser collectivement avec les acteurs membres du CLPE les ruptures de parcours, les erreurs d'orientation ou les délais rencontrés.;Mettre en place des premiers circuits d'orientation entre membres du CLPE~~n~~Définir, pour chaque parcours prioritaire, quel acteur oriente vers quel partenaire, selon quelles modalités et avec quels points de contact. Organiser en parallèle les premières modalités de coordination de la relation entreprise dans le cadre de la task force entreprise (TFE.;Passer d'orientations reposant principalement sur les relations entre professionnels à des premiers parcours d'orientation partagés, permettant de mieux orienter les chercheurs d'emploi et les entreprises quel que soit leur point d'entrée.
16;2;Formaliser les circuits d'orientation entre acteurs~~n~~Décrire les principales étapes des parcours, identifier les interlocuteurs de référence et partager des modalités communes d'orientation afin de sécuriser les passages d'un acteur à l'autre.;Tester les circuits d'orientation sur des parcours prioritaires~~n~~Suivre quelques situations concrètes, recueillir les retours des professionnels, des chercheurs d'emploi et des employeurs, puis ajuster collectivement les modalités d'orientation pour réduire les ruptures de parcours.;Passer de pratiques d'orientation ponctuelles à des parcours formalisés et partagés entre acteurs, afin de sécuriser les transitions, de limiter les ruptures de parcours et de renforcer la coordination de la relation avec les entreprises.
16;3;Généraliser les circuits d'orientation à l'ensemble des acteurs du CLPE~~n~~Diffuser les procédures communes, désigner les interlocuteurs de référence et veiller à ce que chaque acteur applique les mêmes modalités d'orientation sur les principaux parcours.;Mesurer l'impact des orientations sur les parcours et les entreprises~~n~~Suivre régulièrement des indicateurs (délais d'orientation, ruptures de parcours, accès effectif aux services, satisfaction des chercheurs d'emploi et des entreprises, résultats de la coordination de la TFE), partager les résultats en CLPE et ajuster les pratiques pour améliorer la fluidité des parcours et leur impact sur le territoire.;Passer de parcours d'orientation fluides et coordonnés à un pilotage collectif des parcours, permettant d'évaluer leur impact, d'améliorer en continu les pratiques d'orientation et de garantir un accès simple et efficace aux services pour les chercheurs d'emploi et les les employeurs.
17;1;Identifier les sujets à faire remonter au niveau départemental~~n~~À partir de la feuille de route et des actions du CLPE, recenser les difficultés qui nécessitent un appui à l'échelon départemental (besoin d'arbitrage, financement, évolution d'une offre, coordination entre plusieurs territoires…) et préparer les messages à transmettre au CDPE.;Mettre en place un circuit simple de remontées vers le CDPE~~n~~Désigner les personnes chargées de porter les sujets du CLPE au CDPE, préciser les modalités de transmission et prévoir un temps de restitution au CLPE des décisions, orientations ou appuis obtenus.;Passer d'échanges ponctuels entre les différents échelons à une organisation permettant de faire remonter les besoins du territoire et de partager les retours du niveau départemental avec l'ensemble des membres du CLPE..
17;2;Organiser des remontées régulières vers le CDPE~~n~~À chaque étape importante de la feuille de route, partager les avancées, les difficultés rencontrées, les besoins d'appui et les sujets nécessitant un arbitrage ou une coordination départementale.;Répartir les sujets entre les différents niveaux de gouvernance. ~~n~~Identifier les sujets qui relèvent du CLPE, ceux qui nécessitent un appui du CDPE et ceux qui doivent être portés au CRPE, afin que les besoins du territoire soient pris en compte au bon niveau.;Passer de remontées d'information régulières à une articulation structurée entre le CLPE, le CDPE et le CRPE, permettant de coordonner les décisions, les moyens mobilisés et les actions conduites sur le territoire.
17;3;Formaliser les échanges entre le CLPE, le CDPE et le CRPE. ~~n~~Mettre en place des temps réguliers pour faire remonter les besoins, les résultats et les difficultés du territoire, puis partager les décisions et orientations prises aux niveaux départemental et régional.;Faire de l'articulation entre les trois niveaux un levier d'action pour le territoire~~n~~Mobiliser les remontées du CLPE pour obtenir les arbitrages, les financements ou les évolutions d'offres nécessaires, puis suivre les décisions prises et leur impact sur les actions conduites et les besoins du territoire;Passer d'une articulation régulière entre le CLPE, le CDPE et le CRPE à une coopération pleinement intégrée, permettant d'orienter les décisions, de mobiliser les moyens adaptés et de renforcer l'impact des actions conduites sur le territoire grâce à une logique d'ascendance effective.
18;1;Organiser une première consultation des usagers sur une priorité du CLPE~~n~~Recueillir l'expérience de chercheurs d'emploi, d'employeurs ou de leurs représentants sur un enjeu du territoire ou une action du CLPE, en utilisant un format simple (atelier, entretien, questionnaire, groupe d'échange…) adapté au contexte local;Transformer les retours des usagers en premières actions d'amélioration~~n~~Présenter les enseignements de la consultation en réunion du CLPE, identifier les évolutions à mettre en œuvre et intégrer au moins une action ou un ajustement dans la feuille de route commune;Passer d'une absence d'association des usagers à des consultations régulières permettant d'enrichir les travaux du CLPE et d'adapter les premières actions aux besoins exprimés.
18;2;Mettre en place un calendrier partagé d'association des usagers~~n~~Prévoir leur association à des étapes clés du fonctionnement du CLPE (diagnostic territorial, mise en oeuvre d'une action, expérimentation, évaluation) et définir les modalités de consultation les plus adaptées.;Assurer le suivi des consultations des usagers~~n~~Formaliser les principaux retours recueillis, les partager avec l'ensemble des membres du CLPE et préciser les décisions ou les évolutions apportées aux actions en réponse à ces contributions.;Passer de consultations ponctuelles à une association régulière et organisée des usagers, permettant d'éclairer les décisions du CLPE et d'améliorer la pertinence des actions conduites sur le territoire.
18;3;Faire des retours des usagers un appui aux décisions du CLPE~~n~~Analyser régulièrement les retours recueillis afin d'identifier les évolutions à apporter aux parcours, aux offres de services ou aux actions engagées sur le territoire.;Évaluer l'impact de la participation des usagers sur les décisions du CLPE~~n~~Présenter régulièrement les propositions formulées, les suites qui leur ont été données et les évolutions apportées aux priorités, aux offres de services ou aux actions afin de mesurer la valeur ajoutée de leur contribution et de renforcer l'impact des actions sur le territoire.;Passer d'une association régulière des usagers à une participation pleinement intégrée au fonctionnement opérationnel du CLPE, permettant de faire évoluer les priorités, d'améliorer les services et de renforcer l'impact des actions sur le territoire grâce à l'expérience des usagers.
19;1;Identifier les premières actions du CLPE à capitaliser~~n~~Lors des revues de la feuille de route, sélectionner les actions ayant produit des résultats ou un impact significatif, puis formaliser les principaux éléments : besoin traité, solution mise en œuvre, acteurs mobilisés, résultats obtenus et facteurs de réussite.;Partager les premières actions inspirantes~~n~~Diffuser les actions identifiées dans les outils du RPE et lors des échanges avec les autres territoires afin de faire connaître les pratiques mises en œuvre et de favoriser leur valorisation, voire inspiration.;Passer d'une capitalisation ponctuelle des actions à une démarche partagée permettant d'identifier, de formaliser et de diffuser les premières actions inspirantes.
19;2;Définir une méthode commune pour identifier les actions inspirantes~~n~~Retenir des critères simples (résultats obtenus, impact sur les usagers, coopération réussie, transférabilité, conditions de réussite, objectifs mesurables) afin de qualifier les actions à capitaliser.;Organiser un rendez-vous régulier de capitalisation~~n~~À chaque bilan de la feuille de route, sélectionner les actions répondant à ces critères, les formaliser selon un format commun et planifier leur diffusion auprès des autres CLPE via les outils du RPE et par remontée aux échelons supra.;Passer d'une diffusion occasionnelle des actions à une démarche structurée de capitalisation permettant de partager régulièrement les pratiques inspirantes et de favoriser leurs remontées aux échelons supra
19;3;Capitaliser les actions à fort impact pour faciliter leur adaptation à d'autres territoires~~n~~Formaliser les actions inspirantes en précisant les besoins auxquels elles répondent, les résultats et impacts obtenus, les conditions de réussite, les ressources mobilisées et les éléments facilitant leur adaptation par d'autres territoires.;Faire de la capitalisation un levier d'amélioration continue ~~n~~Identifier régulièrement (via le TDB RPE) des actions à fort impact conduites dans d'autres CLPE, analyser leur transférabilité, partager les enseignements au sein du comité et suivre les adaptations mises en œuvre afin de renforcer l'impact des actions sur le territoire.;Passer d'une démarche de capitalisation et de diffusion des actions à une démarche pleinement intégrée d'apprentissage collectif, permettant d'identifier, de partager et d'adapter les actions à fort impact au bénéfice du territoire et de l'ensemble du RPE.
20;1;Identifier les actions et les offres à faire connaître en priorité ~~n~~Choisir quelques actions ou services répondant aux priorités du CLPE et préciser les publics auxquels ils s'adressent.;Partager ces actions et offres avec les acteurs du CLPE~~n~~Utiliser les canaux de communication déjà existants (site internet, réseaux sociaux, newsletters, accueils, réunions…) pour diffuser les mêmes informations auprès des usagers et des entreprises.;Passer d'une communication ponctuelle à une communication partagée permettant de mieux faire connaître les actions et les offres du territoire aux usagers et l'ensemble des acteurs du territoire.
20;2;Planifier les principales communications du CLPE ~~n~~Identifier les actions et les offres à valoriser au cours de l'année et convenir des acteurs chargés de leur diffusion.;Coordonner la diffusion entre les acteurs du territoire~~n~~Préparer des messages simples et communs afin que les différents membres du CLPE relaient les mêmes informations auprès des publics.;Passer d'une communication organisée sur certaines actions à une communication régulière et coordonnée permettant d'améliorer la visibilité et la lisbilité des offres ainsi que l'accès des usagers aux services du territoire.
20;3;Adapter la communication aux différents publics~~n~~Identifier, pour les principales actions et offres, les publics visés et les canaux les plus adaptés afin d'améliorer leur visibilité auprès des usagers et des acteurs concernés;Vérifier que les actions et les offres du CLPE sont bien connues~~n~~Recueillir régulièrement les retours des partenaires, des chercheurs d'emploi, des citoyens et des entreprises afin d'identifier les informations à mieux diffuser ou à rendre plus accessibles.;Passer d'une communication régulière des actions et des offres à une communication pleinement intégrée au fonctionnement opérationnel du CLPE, permettant d'améliorer durablement leur visibilité, leur compréhension et leur utilisation.
