n;niveau;titre;signification;apport
1;3;Une coprésidence mobilisée et un pilotage structuré;Le CLPE bénéficie d’une animation régulière. Les coprésidents s’appuient sur une méthode de travail partagée. Cette organisation favorise la continuité des travaux et la mobilisation des partenaires.;Cette gouvernance facilite la mobilisation des partenaires, la continuité des travaux et la mise en œuvre des décisions collectives.
1;4;Une coprésidence mobilisée et un pilotage structurant;Le CLPE dispose d’une gouvernance claire, d’une animation solide et d’un portage affirmé de la coprésidence. Ce pilotage transforme les échanges en décisions partagées et en actions concrètes.;Cette gouvernance installe une coopération durable entre les acteurs et oriente les décisions vers des résultats concrets pour le territoire.
2;3;Une fonction d’appui opérationnel structurée et mobilisée;La fonction d’appui opérationnel de France Travail est structurée et régulièrement mobilisée pour accompagner les travaux et les décisions du CLPE.;Cet appui facilite l’organisation des travaux, la coordination des acteurs et la mise en œuvre des décisions.
2;4;Une fonction d’appui opérationnel intégrée au fonctionnement du CLPE;La fonction d’appui opérationnel est intégrée au fonctionnement du CLPE. Ses missions sont clairement définies et elle apporte un soutien concret à la préparation, au suivi et à la mise en œuvre des décisions.;Cet appui sécurise dans la durée le fonctionnement collectif et renforce la capacité du CLPE à concrétiser ses décisions.
3;3;Un diagnostic territorial partagé pour orienter les priorités;Le CLPE s’appuie sur un diagnostic territorial élaboré collectivement. Celui-ci constitue une base commune pour définir les priorités et les actions, même si certains acteurs participent encore peu à son actualisation.;Le diagnostic permet de mieux cibler les actions au regard des besoins partagés du territoire.
3;4;Un diagnostic territorial partagé et régulièrement actualisé;Le diagnostic territorial est partagé, validé et régulièrement actualisé par les acteurs. Il constitue le socle de référence du CLPE pour définir, suivre et ajuster ses priorités.;Le diagnostic structure durablement les choix collectifs et permet d’ajuster les moyens et les actions aux évolutions du territoire.
4;3;Une feuille de route formalisée qui donne un cap commun;La feuille de route est formalisée et intégrée au tableau de bord du RPE. Elle donne de la visibilité aux priorités locales et organise le suivi des travaux du CLPE.;La feuille de route aligne les partenaires autour de priorités et d’actions partagées.
4;4;Une feuille de route qui structure le pilotage collectif;La feuille de route identifie des priorités locales et des objectifs précis à partir du diagnostic territorial et de l’évaluation des actions. Le CLPE l’examine régulièrement et l’utilise comme outil de pilotage collectif.;La feuille de route organise durablement l’action collective et permet d’ajuster les priorités à partir des résultats obtenus.
5;3;Des actions formalisées, portées et régulièrement suivies;Les fiches actions sont globalement bien renseignées, les responsables sont identifiés et la mise en œuvre fait l’objet d’un suivi régulier.;La formalisation et le suivi rendent l’action collective plus lisible et facilitent la mise en œuvre des priorités.
5;4;Des actions pilotées au regard des résultats;Les fiches actions sont robustes et orientées vers les résultats. Les responsables sont outillés, engagés et responsables de l’atteinte des objectifs. Les bilans sont renseignés.;Le suivi des résultats renforce la responsabilité des porteurs et permet au CLPE de concentrer ses moyens sur les actions les plus efficaces.
6;3;Un pilotage éclairé par les données;Le CLPE utilise régulièrement des indicateurs de résultats pour analyser la situation locale et orienter ses décisions, en complément des éléments qualitatifs.;Les données améliorent la pertinence des décisions et permettent de mieux suivre les résultats obtenus.
6;4;Un pilotage structuré autour des données et des résultats;Les données chiffrées occupent une place centrale dans le pilotage. Elles objectivent le diagnostic, soutiennent la définition d’objectifs précis, mesurent les progrès et permettent d’ajuster les actions.;Les données permettent d’adapter en continu les décisions et les moyens aux résultats observés sur le territoire.
7;3;Des actions ajustées en fonction de leur impact;Le CLPE évalue régulièrement les effets de ses actions et les ajuste en fonction des changements observés pour les usagers et le territoire. Il ne se limite pas au suivi de l’activité réalisée.;Cette approche concentre les efforts sur les actions qui produisent des effets utiles pour les usagers et le territoire.
7;4;Un pilotage fondé sur l’impact recherché;L’impact recherché constitue le point de départ des projets. Le CLPE évalue la valeur créée et réoriente ou arrête une action lorsque les résultats attendus ne sont pas atteints.;Le CLPE concentre durablement ses ressources sur les actions qui démontrent leur utilité et leur impact pour le territoire.
8;3;Une stratégie territoriale partagée en direction des entreprises;Les partenaires coconstruisent une stratégie territoriale de relation avec les entreprises autour d’objectifs et de moyens partagés. Un groupe technique contribue à coordonner les interventions.;Cette coordination améliore la lisibilité et la cohérence de la réponse apportée aux entreprises.
8;4;Une task force entreprises pilotée par les résultats;La task force entreprises fonctionne avec des outils et des indicateurs partagés. Elle coordonne les actions et mesure leur impact sur l’emploi local, le recours au RPE et la satisfaction des entreprises.;Cette organisation permet d’ajuster la réponse aux entreprises et de mesurer sa contribution aux résultats d’emploi du territoire.
9;3;Une coordination structurée des financeurs;La conférence des financeurs fonctionne régulièrement. Elle facilite le partage d’informations, la coordination de certains financements et une meilleure lisibilité des offres.;La coordination facilite la mobilisation des financements et améliore la visibilité des offres.
9;4;Une coordination des financements au service des priorités locales;La conférence des financeurs est structurée et opérationnelle. Elle assure une coordination effective des financements, oriente clairement les actions et rend les offres de services plus lisibles.;Cette coordination limite les doublons et permet d’affecter les financements de manière cohérente aux besoins prioritaires du territoire.
10;3;Un CLPE qui renforce la lisibilité de l’action territoriale;Le CLPE améliore la coordination entre les acteurs et rend l’organisation territoriale plus cohérente. Il favorise une meilleure compréhension des interventions de chacun.;Cette coordination facilite l’accès des usagers et des entreprises aux services adaptés.
10;4;Un CLPE qui simplifie durablement l’action territoriale;Le CLPE joue un rôle reconnu de simplification et de coordination. Les acteurs interviennent de manière complémentaire et les offres, les rôles et les parcours gagnent en lisibilité.;Cette organisation réduit durablement la complexité des parcours et renforce la complémentarité des réponses apportées aux usagers et aux entreprises.
11;3;Des partenaires activement engagés dans les travaux du CLPE;Les acteurs participent régulièrement aux travaux et aux actions. La diversité des partenaires mobilisés favorise le croisement des expertises et la construction de réponses collectives.;L’engagement des acteurs renforce la capacité du CLPE à concevoir et à mettre en œuvre des réponses coordonnées.
11;4;Une coresponsabilité installée entre les partenaires;L’engagement des partenaires est durable et repose sur une coresponsabilité. Les acteurs contribuent au diagnostic, portent des actions et rendent compte de leur contribution aux objectifs communs.;La coresponsabilité consolide la coopération dans la durée et renforce la capacité collective à atteindre les objectifs du territoire.
12;3;Un tableau de bord utilisé comme outil de pilotage local;Le tableau de bord du RPE est régulièrement utilisé dans les instances. Il permet de suivre la feuille de route, de partager l’avancement des actions et de réajuster les priorités.;Le tableau de bord donne aux partenaires une vision partagée de l’avancement et facilite les décisions d’ajustement.
12;4;Un tableau de bord au service du pilotage stratégique;Le tableau de bord est intégré au pilotage stratégique et collaboratif. Il permet de cibler les publics prioritaires, de suivre la feuille de route et de mobiliser des pratiques inspirantes.;Le tableau de bord soutient des décisions collectives plus réactives et une adaptation continue des priorités aux besoins et aux résultats.
13;3;Des outils communs au service de la coopération;Plusieurs acteurs utilisent régulièrement les outils du RPE pour partager des informations, suivre les actions et coordonner les travaux.;Ces outils fluidifient le travail collectif et rendent le suivi des actions plus accessible aux partenaires.
13;4;Des outils communs intégrés aux pratiques du CLPE;Les outils communs sont intégrés au fonctionnement du CLPE. Ils facilitent la coordination, le pilotage, le partage d’informations et la coopération entre les acteurs.;L’usage partagé des outils installe des pratiques de coopération durables et renforce la continuité du pilotage collectif.
14;3;Une vision partagée des offres de services du territoire;Le CLPE dispose d’une cartographie utile et régulièrement mobilisée dans ses travaux. Elle aide les acteurs à identifier les services disponibles.;La connaissance partagée de l’offre facilite l’orientation vers les services adaptés.
14;4;Une cartographie utilisée pour ajuster l’offre de services;La cartographie est à jour, partagée et exploitée collectivement. Elle permet d’identifier les manques, les doublons et les leviers d’amélioration.;La cartographie soutient une adaptation durable de l’offre, limite les doublons et améliore la couverture des besoins du territoire.
15;3;Des priorités définies à partir des besoins des usagers;Le CLPE analyse les écarts entre les besoins du territoire et l’offre existante. Cette analyse débouche sur des actions coordonnées entre les partenaires.;Cette analyse améliore l’adéquation entre les besoins constatés et les réponses proposées.
15;4;Une offre de services ajustée aux besoins du territoire;L’analyse des besoins et de l’offre structure les travaux du CLPE. Elle oriente les priorités et mobilise les moyens adaptés pour les usagers.;Cette démarche permet d’adapter durablement l’offre et les moyens aux besoins objectivés des usagers du territoire.
16;3;Des orientations plus simples et des parcours plus fluides;Le CLPE met en place des pratiques ou des outils qui facilitent les orientations entre acteurs et la continuité des parcours. La task force entreprises coordonne la relation avec les employeurs.;La fluidité des orientations réduit les ruptures et facilite l’accès aux réponses adaptées.
16;4;Des parcours sécurisés par des orientations partagées;Les modalités d’orientation sont connues, partagées et intégrées aux pratiques. Elles sécurisent les parcours, limitent les ruptures et améliorent l’accès aux services.;Les pratiques partagées sécurisent durablement les parcours et améliorent l’accès des usagers et des entreprises aux services adaptés.
17;3;Une articulation effective entre les niveaux du RPE;L’articulation entre le CLPE, le CDPE et, le cas échéant, le CRPE est installée. Les échanges réguliers renforcent la cohérence des actions et la remontée des besoins.;Cette articulation permet de mieux relier les besoins locaux aux orientations des autres niveaux.
17;4;Une complémentarité structurée entre les trois niveaux;L’articulation entre les trois niveaux est structurée. Les remontées ascendantes sont effectives et les niveaux se complètent en matière d’orientation, d’action, de financement et de pilotage.;Cette complémentarité permet de traiter durablement les besoins au niveau pertinent et de mobiliser les décisions et les moyens adaptés.
18;3;Des usagers associés aux travaux du CLPE;Les chercheurs d’emploi, les employeurs ou leurs représentants sont associés à certaines étapes. Leur contribution éclaire les priorités et les actions.;L’association des usagers rapproche les décisions des besoins vécus et améliore la pertinence des réponses.
18;4;Des usagers qui contribuent à l’évolution des actions;Les usagers ou leurs représentants sont régulièrement associés aux travaux. Leurs retours sont pris en compte pour définir, mettre en œuvre et faire évoluer les priorités et les actions.;La participation régulière des usagers inscrit leurs besoins dans la durée et améliore l’impact des réponses proposées.
19;3;Une capacité à identifier et à partager les actions qui fonctionnent;Le CLPE identifie et partage des actions inspirantes à partir de critères de qualité et de réussite définis. Cette capitalisation diffuse les enseignements tirés des actions.;La capitalisation facilite la réutilisation des pratiques efficaces et valorise les réussites du territoire.
19;4;Une capitalisation intégrée au fonctionnement du CLPE;La veille et la capitalisation sont intégrées au fonctionnement. Les actions efficaces sont modélisées, diffusées et servent de référence ou de source d’inspiration.;La capitalisation accélère durablement la diffusion des pratiques efficaces et renforce la capacité d’innovation du territoire.
20;3;Des actions et des offres de services rendues visibles;Les actions et les offres de services sont régulièrement communiquées et valorisées. Elles deviennent plus visibles et mieux comprises par les acteurs et les usagers.;La visibilité des actions et des offres favorise leur accès et leur utilisation.
20;4;Une communication structurée qui facilite l’accès aux services;La communication est structurée, régulière et adaptée aux destinataires. Les offres et les actions sont clairement identifiées et comprises par les acteurs et les usagers.;Une communication installée dans la durée élargit l’accès aux services et renforce leur utilisation par les publics concernés.
